id,Player,PTS,FGM,FGA,F3GM,F3GA,FTM,FTA,Oreb,DR,TR,AST,TOV,BS,EFF,OE,TS,eFG,PPP
1,LJ・ピーク,11.3965517241379,4.10344827586207,8.72413793103448,1.68965517241379,4.31034482758621,1.5,2.17241379310345,0.586206896551724,1.62068965517241,2.20689655172414,1.67241379310345,0.913793103448276,0.206896551724138,10.1724137931034,1.21864951768489,58.8664861783984,0.567193675889328,1.07577631664605
2,アイザイア・マーフィー,9.52727272727273,3.47272727272727,8.78181818181818,0.981818181818182,3.16363636363636,1.6,2.34545454545455,0.290909090909091,2.30909090909091,2.6,2.07272727272727,1.81818181818182,0.654545454545455,8.18181818181818,0.936857562408223,48.5400918926931,0.451345755693582,0.819057146429911
3,アイラ・ブラウン,14.0925925925926,5.51851851851852,11.2222222222222,0.666666666666667,2.05555555555556,2.38888888888889,3.83333333333333,2.07407407407407,5.25925925925926,7.33333333333333,3,1.7962962962963,0.962962962962963,18.6111111111111,1.2257636122178,54.5848396166867,0.521452145214521,0.958341728793069
4,アキ・チェンバース,9.38461538461539,3.65384615384615,8.34615384615385,1.34615384615385,4,0.730769230769231,0.903846153846154,0.692307692307692,1.92307692307692,2.61538461538462,1.86538461538462,1.07692307692308,0.076923076923077,8.03846153846154,1.06170598911071,53.6641154218351,0.518433179723502,0.955588626928801
5,アレックス・カーク,17.0857142857143,6.4,11.6571428571429,0.4,1.17142857142857,3.88571428571429,4.82857142857143,3.37142857142857,6.31428571428571,9.65714285714286,1.48571428571429,0.914285714285714,1,24.9714285714286,1.7379679144385,61.9868977527158,0.566176470588235,1.16260984524458
6,アレックス・デイビス,11.8888888888889,4.59259259259259,8,0.203703703703704,1.09259259259259,2.5,4.25925925925926,2.68518518518519,4.68518518518519,7.37037037037037,2.18518518518519,2.14814814814815,2.22222222222222,17.9444444444444,1.45873320537428,60.2025506376594,0.586805555555556,0.988909426987061
7,アレン・ダーラム,16.0285714285714,6.2,11.6,0.6,1.65714285714286,3.02857142857143,4.65714285714286,2.77142857142857,6.37142857142857,9.14285714285714,3.74285714285714,2.45714285714286,0.4,22.7428571428571,1.31558935361217,58.7164029138407,0.560344827586207,0.995174909529553
8,アンガス・ブラント,11.8070175438596,4.71929824561404,8.29824561403509,0.052631578947369,0.192982456140351,2.31578947368421,3.19298245614035,2.56140350877193,5.85964912280702,8.42105263157895,3.2280701754386,1.91228070175439,0.280701754385965,18.7368421052632,1.38225806451613,60.8411079771462,0.571881606765328,1.01649347510875
9,アンソニー・マクヘンリー,10.7173913043478,4.10869565217391,9.3695652173913,0.891304347826087,3.3695652173913,1.60869565217391,2.41304347826087,1.60869565217391,5.47826086956522,7.08695652173913,5.04347826086957,2.30434782608696,1.10869565217391,16.6739130434783,1.0431654676259,51.3712904301434,0.486078886310905,0.841526696708999
10,アンドリュー・ランダル,10.25,4,7.75,1,3,1.25,2,1.25,5.5,6.75,1.25,1.25,0,15,1.27777777777778,59.3858632676709,0.580645161290323,1.03744939271255
11,アンドレ・マレー,7.5,2.75,7,1.5,3.25,0.5,0.5,0.5,1.5,2,1.25,1.75,0,5,0.921052631578947,51.9390581717452,0.5,0.836120401337793
12,ウィリアムスニカ,10.7666666666667,4.26666666666667,6.63333333333333,0.016666666666667,0.016666666666667,2.21666666666667,3.45,2.61666666666667,3.43333333333333,6.05,0.966666666666667,2.08333333333333,0.55,13.2666666666667,1.66037735849057,66.0423652572176,0.644472361809045,1.0519801980198
13,ウィル・クリークモア,17.25,5.5,11.75,1.5,4.25,4.75,5.75,2,5.75,7.75,2.25,1.75,1,23,1.41818181818182,60.3991596638656,0.531914893617021,1.07610729881472
14,ウェイン・マーシャル,17,5.95454545454545,11.1590909090909,1.13636363636364,3.15909090909091,3.95454545454545,5.18181818181818,2,4.25,6.25,2.18181818181818,1.81818181818182,1.31818181818182,20.4318181818182,1.45768566493955,63.2483257796117,0.584521384928717,1.11422272537687
15,エドワード・モリス,2.68181818181818,0.954545454545455,2.36363636363636,0.090909090909091,0.363636363636364,0.681818181818182,1.11363636363636,1.15909090909091,2.11363636363636,3.27272727272727,0.590909090909091,0.522727272727273,0.295454545454546,4.36363636363636,1.41176470588235,46.9894870978018,0.423076923076923,0.794291868605277
16,エリエット・ドンリー,2.94339622641509,1.20754716981132,2.79245283018868,0.39622641509434,1.0377358490566,0.132075471698113,0.226415094339623,0.566037735849057,1.22641509433962,1.79245283018868,0.754716981132076,0.433962264150943,0.245283018867925,2.81132075471698,1.0828729281768,50.8872651356994,0.503378378378378,0.884955752212389
17,エリック・ニッセン,2.75,1.25,2.25,0,0,0.25,1.5,1.5,2.25,3.75,0.75,1,0,3.75,1.4,47.2508591065292,0.555555555555556,0.703324808184143
18,カイル・コリンズワース,8.38461538461539,3.57692307692308,6.90384615384615,0.269230769230769,0.846153846153846,0.961538461538462,1.73076923076923,3.03846153846154,5.28846153846154,8.32692307692308,5.51923076923077,1.73076923076923,0.211538461538462,17.5384615384615,1.25086505190311,54.6914199698946,0.537604456824513,0.892345476872697
19,カイル・ハント,16.8775510204082,7.28571428571429,12.1020408163265,0,0,2.30612244897959,3.59183673469388,3.3265306122449,4.97959183673469,8.30612244897959,1.36734693877551,1.46938775510204,1.30612244897959,21.2244897959184,1.57117750439367,61.6759143249209,0.602023608768971,1.1138947254997
20,カイル・バローン,3.6,1.4,2.4,0.1,0.2,0.7,1,0.9,2,2.9,0.2,0.6,0.4,5.7,1.65217391304348,63.3802816901409,0.604166666666667,1.04651162790698
21,カディーム・コールビー,12.3428571428571,4.85714285714286,7.51428571428571,0,0.028571428571429,2.62857142857143,4.34285714285714,3.88571428571429,4.05714285714286,7.94285714285714,2.42857142857143,1.28571428571429,1.62857142857143,20.9428571428571,2.01167315175097,65.478355765733,0.64638783269962,1.15236875800256
22,キム・ティリ,5.82926829268293,2.07317073170732,5.21951219512195,1.14634146341463,3.4390243902439,0.536585365853659,0.658536585365854,1.36585365853659,3,4.36585365853659,1.48780487804878,0.658536585365854,0.170731707317073,7.41463414634146,1.21951219512195,52.9041969187179,0.507009345794392,0.945112306232205
23,キム・ティリー,3,1,1,1,1,0,0,0,3,3,0,1,0,5,1.5,150,1.5,1.5
24,キング開,3.14285714285714,1,2.42857142857143,0.857142857142857,1.71428571428571,0.285714285714286,0.714285714285714,0.428571428571429,0.285714285714286,0.714285714285714,0.857142857142857,0.428571428571429,0.142857142857143,3.14285714285714,1.21739130434783,57.2916666666667,0.588235294117647,0.990990990990991
25,ギャビン・エドワーズ,12.7924528301887,4.67924528301887,7.50943396226415,0.622641509433962,1.47169811320755,2.81132075471698,3.77358490566038,1.90566037735849,4.22641509433962,6.13207547169811,1.66037735849057,1.66037735849057,0.528301886792453,17.0943396226415,1.61945031712474,69.7530864197531,0.664572864321608,1.18118466898955
26,ギャレット・スタツ,11.4615384615385,4.55769230769231,8.11538461538462,0.153846153846154,0.423076923076923,2.19230769230769,2.69230769230769,1.78846153846154,5.46153846153846,7.25,1.59615384615385,1.61538461538462,0.519230769230769,15.4038461538462,1.36895161290323,61.6211745244003,0.571090047393365,1.05003523608175
27,グレゴリー・エチェニケ,17.0909090909091,6.38181818181818,10.2909090909091,0,0.036363636363636,4.32727272727273,5.83636363636364,3.30909090909091,6.45454545454545,9.76363636363636,2,2.05454545454545,0.781818181818182,25.2545454545455,1.72981878088962,66.4555172218766,0.620141342756184,1.14600604701063
28,ケドリック・ストックマン・ジュニア,2.12,0.88,2.42,0.2,0.86,0.16,0.28,0.32,0.46,0.78,1.24,1.08,0.08,1.22,0.760180995475113,41.6797735136836,0.40495867768595,0.585118127621992
29,ケビン・ジョーンズ,16.0425531914894,6.42553191489362,11.3829787234043,1,2.40425531914894,2.19148936170213,3.27659574468085,2.51063829787234,5.57446808510638,8.08510638297872,1.72340425531915,0.617021276595745,0.659574468085106,21.7234042553191,1.58444022770398,62.5456234653925,0.608411214953271,1.19349119918957
30,コー・フリッピン,2.75,1.01923076923077,2.46153846153846,0.173076923076923,0.692307692307692,0.538461538461538,0.942307692307692,0.288461538461538,0.480769230769231,0.769230769230769,1.32692307692308,0.788461538461538,0.211538461538462,2.07692307692308,0.95067264573991,47.8069002407061,0.44921875,0.750419815281276
31,サーディ・ラベナ,7.76190476190476,3.04761904761905,8.52380952380952,0.714285714285714,2.61904761904762,0.952380952380952,1.76190476190476,0.619047619047619,2.47619047619048,3.0952380952381,1.38095238095238,1.28571428571429,0.142857142857143,5.04761904761905,0.864864864864865,41.7349446947972,0.399441340782123,0.733309339571711
32,ザック・バランスキー,3.33928571428571,1.21428571428571,3.17857142857143,0.607142857142857,1.78571428571429,0.303571428571429,0.428571428571429,0.428571428571429,1.60714285714286,2.03571428571429,1.08928571428571,0.428571428571429,0.071428571428572,3.60714285714286,1.03765690376569,49.5863385659737,0.477528089887641,0.879751599548363
33,シェーファーアヴィ幸樹,9.47272727272727,3.89090909090909,7.61818181818182,0.672727272727273,1.87272727272727,1.01818181818182,1.56363636363636,1.38181818181818,3.32727272727273,4.70909090909091,1.30909090909091,0.909090909090909,0.236363636363636,10.5090909090909,1.2752688172043,57.0221521758165,0.554892601431981,1.02793781074895
34,シェーン・ウィティングトン,9.66,3.56,6.38,1.26,2.82,1.28,1.7,1.18,2.66,3.84,0.82,0.7,0.34,11,1.55952380952381,67.7609427609428,0.656739811912226,1.23403168114461
35,シャノン・ショーター,11.9074074074074,4.14814814814815,9.57407407407407,0.777777777777778,2.87037037037037,2.83333333333333,3.33333333333333,0.796296296296296,3.87037037037037,4.66666666666667,3.59259259259259,1.27777777777778,0.148148148148148,15.1111111111111,1.13568521031208,53.9248574303925,0.473887814313346,0.96662657847264
36,ジェイソン・ウォッシュバーン,17.0217391304348,7,13.0217391304348,0.543478260869565,1.43478260869565,2.47826086956522,3.32608695652174,2.39130434782609,5.73913043478261,8.1304347826087,1.78260869565217,1.91304347826087,1.28260869565217,21.0869565217391,1.31259484066768,58.7555528875015,0.558430717863105,1.0380209990455
37,ジェフ・エアーズ,13.25,4.48214285714286,9.10714285714286,1.41071428571429,3.76785714285714,2.875,3.33928571428571,1.73214285714286,6.71428571428571,8.44642857142857,1.39285714285714,1.78571428571429,0.678571428571429,17.9642857142857,1.38747884940778,62.6392922266496,0.569607843137255,1.0718206506038
38,ジェフ・ギブス,9.11666666666667,3.36666666666667,7,0.25,1.23333333333333,2.13333333333333,2.7,2.26666666666667,3.91666666666667,6.18333333333333,2.23333333333333,1.08333333333333,0.3,13.35,1.40993788819876,55.6709005048038,0.498809523809524,0.983317753649241
39,ジェームズ・マイケル・マカドゥ,10.4,4.22,7.4,0.02,0.1,1.94,3.4,2.34,3.74,6.08,1.28,1.04,0.3,14.24,1.58265582655827,58.4532374100719,0.571621621621622,1.04669887278583
40,ジャスティン・ハーパー,12.3142857142857,4.62857142857143,9.37142857142857,1.22857142857143,3.25714285714286,1.82857142857143,2.28571428571429,1.65714285714286,4.74285714285714,6.4,1.17142857142857,1.31428571428571,0.485714285714286,14.3142857142857,1.32212885154062,59.3337004405286,0.559451219512195,1.05327468230694
41,ジャスティン・バーレル,13.0212765957447,4.91489361702128,8.4468085106383,0.170212765957447,0.446808510638298,3.02127659574468,4.57446808510638,1.40425531914894,6.21276595744681,7.61702127659575,2.76595744680851,1.80851063829787,0.404255319148936,19.8510638297872,1.35897435897436,62.2457282343369,0.591939546599496,1.06139438085328
42,ジャック・クーリー,16.3636363636364,6.07272727272727,10.1272727272727,0.018181818181818,0.2,4.2,5.50909090909091,5,7.32727272727273,12.3272727272727,1.67272727272727,1.61818181818182,0.563636363636364,26.3454545454545,2.14254859611231,65.1871595781667,0.600538599640933,1.15485294872453
43,ジャマリ・トレイラー,12.8620689655172,4.93103448275862,10.1034482758621,0.137931034482759,1.06896551724138,2.86206896551724,3.89655172413793,2.31034482758621,4.48275862068966,6.79310344827586,2.24137931034483,1.86206896551724,1.10344827586207,16.5172413793103,1.2695652173913,54.4176003734827,0.494880546075085,0.940209719701553
44,ジャマール・ソープ,3.5,1.14285714285714,2,0,0.071428571428572,1.21428571428571,1.57142857142857,0.928571428571429,1.21428571428571,2.14285714285714,0.428571428571429,0.571428571428571,0.071428571428572,4.07142857142857,1.89655172413793,65.0212314225053,0.571428571428571,1.07267950963222
45,ジャワッド・ウィリアムズ,10.0408163265306,3.61224489795918,8.77551020408163,1.44897959183673,4.14285714285714,1.36734693877551,1.77551020408163,0.959183673469388,3.16326530612245,4.12244897959184,1.46938775510204,1.10204081632653,0.204081632653061,9.22448979591837,1.10805500982318,52.5326727598872,0.494186046511628,0.942023435704986
46,ジュリアン・マブンガ,19.9090909090909,6.21818181818182,13.3818181818182,2.27272727272727,6.18181818181818,5.2,7.50909090909091,1.09090909090909,6,7.09090909090909,7.14545454545455,3.63636363636364,0.490909090909091,26.6909090909091,1.1725768321513,59.6587194351218,0.549592391304348,0.979672905557742
47,ジョシュア・スミス,15.9811320754717,5.94339622641509,8.43396226415094,0.018867924528302,0.056603773584906,4.07547169811321,5.86792452830189,3.41509433962264,6.24528301886793,9.66037735849057,2.56603773584906,1.54716981132075,0.528301886792453,25.5094339622641,2.03099173553719,72.5369964373801,0.705816554809843,1.27207737594617
48,ジョシュ・スコット,11.7966101694915,4.52542372881356,7.16949152542373,0,0.033898305084746,2.74576271186441,4.33898305084746,3.33898305084746,5,8.33898305084746,0.966101694915254,1.01694915254237,1.32203389830508,19.4067796610169,2.19533527696793,64.9690090359197,0.631205673758865,1.16849103485327
49,ジョシュ・ダンカン,13.5357142857143,4.625,8.48214285714286,0.767857142857143,1.96428571428571,3.51785714285714,4.41071428571429,1.91071428571429,5.16071428571429,7.07142857142857,1.48214285714286,1.35714285714286,0.285714285714286,18.0535714285714,1.59582542694497,64.9328399122807,0.590526315789474,1.14904195973805
50,ジョシュ・ハレルソン,12.6296296296296,5.05555555555556,11.0740740740741,1.25925925925926,3.55555555555556,1.25925925925926,1.7962962962963,2.48148148148148,6.98148148148148,9.46296296296296,3.01851851851852,1.66666666666667,0.981481481481482,18.3333333333333,1.17852161785216,53.2246987575701,0.513377926421405,0.933377128154596
51,ジョシュ・ホーキンソン,15.8085106382979,5.21276595744681,10.531914893617,1.80851063829787,4.70212765957447,3.57446808510638,4.29787234042553,1.91489361702128,6.08510638297872,8,2.27659574468085,1.29787234042553,0.617021276595745,21.8723404255319,1.48342059336824,63.6260875522368,0.580808080808081,1.15215233841955
52,ジョナサン・オクテウス,12.5272727272727,4.63636363636364,10.7818181818182,1.25454545454545,3.72727272727273,2,2.89090909090909,1.09090909090909,2.41818181818182,3.50909090909091,1.89090909090909,1.21818181818182,0.254545454545454,10.9636363636364,1.12642045454545,51.9639193918185,0.488195615514334,0.9438873362924
53,ジョーダン・テイラー,13.6734693877551,4.69387755102041,11.3673469387755,1.20408163265306,4.20408163265306,3.08163265306122,3.97959183673469,0.63265306122449,3.10204081632653,3.73469387755102,4.69387755102041,2.08163265306122,0.081632653061225,15.7755102040816,1.04895104895105,52.1157436216553,0.46588868940754,0.899570354457572
54,ジョーダン・ハミルトン,20.8518518518518,7.55555555555556,17.2222222222222,2.68518518518519,8.18518518518519,3.05555555555556,4.51851851851852,1.22222222222222,7.11111111111111,8.33333333333333,6.01851851851852,2.94444444444444,0.277777777777778,23.8518518518519,1.07640949554896,54.2723837433485,0.516666666666667,0.94118827108897
55,ジョーダン・ヒース,10.6818181818182,4.09090909090909,7.54545454545455,1.04545454545455,3.04545454545455,1.45454545454545,2.72727272727273,1.56818181818182,5.43181818181818,7,1.04545454545455,0.818181818181818,1.43181818181818,15.2272727272727,1.49565217391304,61.0706860706861,0.61144578313253,1.11692015209125
56,ジョーダン・フェイゾン,21,8.75,14.75,0.25,2,3.25,5.25,2.25,6,8.25,2,2.25,1.5,23.5,1.37313432835821,61.5474794841735,0.601694915254237,1.08751941998964
57,ジージオ・ベイン,4.5,2.25,3.25,0,0,0,0.5,0.75,3.5,4.25,0.5,1.25,0.75,4,1.17647058823529,64.8414985590778,0.692307692307692,0.953389830508474
58,ステヴァン・イェロヴァツ,18.8461538461538,6,13.8076923076923,1.90384615384615,5.28846153846154,4.94230769230769,5.51923076923077,2.13461538461538,6.82692307692308,8.96153846153846,1.88461538461538,1.92307692307692,0.115384615384615,22.0192307692308,1.33913043478261,58.0376178518975,0.503481894150418,1.03782776295167
59,セドリック・シモンズ,4.73684210526316,2.10526315789474,2.94736842105263,0,0,0.526315789473684,1.52631578947368,1.21052631578947,2.63157894736842,3.84210526315789,0.736842105263158,0.526315789473684,1.15789473684211,7.73684210526316,1.82456140350877,65.4450261780105,0.714285714285714,1.14271203656679
60,セバスチャン・サイズ,17.0877192982456,6.12280701754386,11.6140350877193,0.578947368421053,1.85964912280702,4.26315789473684,5.40350877192982,3.80701754385965,7.89473684210526,11.7017543859649,1.24561403508772,1.68421052631579,1.01754385964912,24.719298245614,1.70751633986928,61.0642993279165,0.552114803625378,1.09007073148894
61,ダバンテ・ガードナー,19.5454545454545,7.52727272727273,13.5090909090909,1,3.25454545454545,3.49090909090909,4.14545454545455,1.18181818181818,6.25454545454546,7.43636363636364,4.89090909090909,1.8,0.4,26.0545454545455,1.2848948374761,63.7361855523408,0.59421265141319,1.14080142626709
62,チャールズ・ジャクソン,15.5666666666667,6.31666666666667,9.58333333333333,0,0.016666666666667,2.93333333333333,5.16666666666667,3.63333333333333,5.18333333333333,8.81666666666667,1.56666666666667,2.23333333333333,0.566666666666667,21.2,1.75726495726496,65.6452066348046,0.659130434782609,1.10480246037379
63,チリジ・ネパウェ,6.38461538461539,2.38461538461538,4.15384615384615,0,0,1.61538461538462,3,2.07692307692308,3.76923076923077,5.84615384615385,0.538461538461538,0.846153846153846,0.538461538461538,9.92307692307692,2,58.3192804946599,0.574074074074074,1.01022395326193
64,テーブス海,5.95,2.18333333333333,5.8,0.6,2.05,0.983333333333333,1.45,0.266666666666667,1.48333333333333,1.75,2.61666666666667,1.2,0,5.06666666666667,0.916221033868093,46.2100031065548,0.42816091954023,0.778999738151349
65,ディージェイ・ニュービル,19.34,6.32,11.9,2.86,6.46,3.84,4.84,0.54,3.2,3.74,6,2.06,0.14,24.04,1.3048403707518,68.9256999486799,0.651260504201681,1.20201869530628
66,デイヴィッド・サイモン,17.8070175438597,7.03508771929825,13.9122807017544,0.43859649122807,1.3859649122807,3.29824561403509,5.07017543859649,0.982456140350877,6.28070175438597,7.26315789473684,2.17543859649123,1.92982456140351,1.12280701754386,21.140350877193,1.173017507724,55.1534515736394,0.521437578814628,0.985283839403588
67,デション・トーマス,16.6,5.8,12.1777777777778,1.51111111111111,3.64444444444444,3.48888888888889,4.4,1.51111111111111,3.17777777777778,4.68888888888889,1.71111111111111,1.04444444444444,0.177777777777778,16.6222222222222,1.36423841059603,58.8077843557123,0.538321167883212,1.09511522899197
68,デモン・ブルックス,17.9464285714286,6.5,13.1964285714286,1.30357142857143,3.91071428571429,3.64285714285714,4.32142857142857,1.91071428571429,4.76785714285714,6.67857142857143,2.41071428571429,2.23214285714286,0.303571428571429,19.1428571428571,1.2780269058296,59.4336944694138,0.541948579161028,1.03557002720303
69,トーマス・ケネディ,16.3076923076923,6.19230769230769,13.6538461538462,2.23076923076923,5.78846153846154,1.69230769230769,2.03846153846154,0.615384615384615,3.65384615384615,4.26923076923077,2.36538461538462,1.61538461538462,0.192307692307692,13.2692307692308,1.09717514124294,56.0372171706492,0.535211267605634,1.00875523410735
70,ドウェイン・エバンス,17.2115384615385,6.15384615384615,11.0576923076923,0.711538461538462,1.94230769230769,4.19230769230769,5.40384615384615,1.75,6.26923076923077,8.01923076923077,2.67307692307692,1.90384615384615,0.326923076923077,25.0961538461538,1.43213296398892,64.0530172907363,0.588695652173913,1.12206007722782
71,ナナーダニエル弾,0.705882352941176,0.294117647058824,0.647058823529412,0.058823529411765,0.058823529411765,0.058823529411765,0.235294117647059,0,0.117647058823529,0.117647058823529,0,0.235294117647059,0,-0.294117647058824,0.8,47.0219435736677,0.5,0.715990453460621
72,ニック・ファジーカス,20.6607142857143,7.69642857142857,14.4107142857143,1.58928571428571,3.60714285714286,3.67857142857143,4.33928571428571,1.96428571428571,7.73214285714286,9.69642857142857,3.71428571428571,2.23214285714286,0.303571428571429,27.375,1.3252427184466,63.2987570028011,0.589219330855019,1.11365648943133
73,ニック・メイヨ,21.4909090909091,8.41818181818182,15.8909090909091,1.47272727272727,3.52727272727273,3.18181818181818,3.87272727272727,2.36363636363636,5.65454545454545,8.01818181818182,2.21818181818182,1.78181818181818,0.745454545454545,24.1818181818182,1.35269709543568,61.0713842847104,0.576086956521739,1.1091093345344
74,ネナド・ミリェノヴィッチ,5.35,2.1,4.45,0.15,0.575,1,1.425,0.375,0.925,1.3,2.45,1.225,0.025,5.625,1.00645161290323,52.688595627339,0.48876404494382,0.84893684544589
75,ハビエル・カーター,8.91228070175439,3.35087719298246,7.70175438596491,1.12280701754386,3.3859649122807,1.08771929824561,1.57894736842105,1.33333333333333,3.96491228070175,5.29824561403509,1.40350877192982,0.929824561403509,0.701754385964912,10.6140350877193,1.18548387096774,53.0714584203928,0.507972665148064,0.955605718585402
76,ハーパージャンジュニア,1.8,0.8,2,0,0.6,0.2,0.4,0,0.6,0.6,0.2,0.6,0,0.2,0.714285714285714,41.3602941176471,0.4,0.648414985590778
77,パトリック・アウダ,15.622641509434,6,10.6415094339623,0.358490566037736,0.905660377358491,3.26415094339623,5.22641509433962,1.67924528301887,3.88679245283019,5.56603773584906,2,2.28301886792453,0.30188679245283,16.5471698113208,1.33048433048433,60.3604129002158,0.580673758865248,1.0261748958953
78,パブロ・アギラール,11.5344827586207,4.55172413793104,8.55172413793103,0.862068965517241,2.82758620689655,1.56896551724138,2.79310344827586,2.3448275862069,5.56896551724138,7.91379310344828,2.37931034482759,1.18965517241379,0.53448275862069,18.3275862068966,1.42328042328042,58.9655901847412,0.582661290322581,1.05142390142704
79,ファイパプ月瑠,3.77083333333333,1.4375,3.4375,0,0,0.895833333333333,2.02083333333333,1.625,2.79166666666667,4.41666666666667,0.666666666666667,0.604166666666667,0.166666666666667,4.58333333333333,1.43918918918919,43.576656394453,0.418181818181818,0.764745648132499
80,ベンジャミン・ローソン,8.86666666666667,3.73333333333333,6,0,0.066666666666667,1.4,2.4,2.13333333333333,5.46666666666667,7.6,1.46666666666667,1.26666666666667,0.8,15.2,1.56565656565657,62.8306878306878,0.622222222222222,1.06536366549183
81,ベンドラメ礼生,10.3,3.65,9.31666666666667,1.16666666666667,3.5,1.83333333333333,2.2,0.866666666666667,1.41666666666667,2.28333333333333,4.48333333333333,2.03333333333333,0.05,10.5833333333333,0.987750556792873,50.0745446295456,0.45438282647585,0.836174703685663
82,ペリン・ビュフォード,13.5416666666667,5.08333333333333,10.625,0.791666666666667,2.375,2.58333333333333,3.47916666666667,1.27083333333333,4.91666666666667,6.1875,3.91666666666667,2.02083333333333,0.9375,18.375,1.141689373297,55.7002810721876,0.515686274509804,0.955208088408182
83,マット・ボンズ,7.28571428571429,2.78571428571429,5.42857142857143,0.214285714285714,0.285714285714286,1.5,2.64285714285714,1.71428571428571,2.14285714285714,3.85714285714286,1.07142857142857,0.714285714285714,0.428571428571429,7.78571428571429,1.51948051948052,55.2665799739922,0.532894736842105,0.997262416894798
84,マティアス・カルファニ,6.74074074074074,2.22222222222222,4.74074074074074,0.296296296296296,1.59259259259259,2,2.51851851851852,0.962962962962963,2.48148148148148,3.44444444444444,1.66666666666667,1.25925925925926,0.777777777777778,9.7037037037037,1.25414364640884,57.6241134751773,0.5,0.948311796581909
85,マーク・セントフォート,7.04347826086957,2.39130434782609,4.21739130434783,0.434782608695652,1.04347826086957,1.82608695652174,2.21739130434783,0.826086956521739,2.17391304347826,3,0.782608695652174,1.21739130434783,0.521739130434783,8.1304347826087,1.45161290322581,67.8164768921634,0.618556701030928,1.09875203472599
86,ムッサ・ダマ,7.57142857142857,3.42857142857143,5.14285714285714,0,0,0.714285714285714,0.857142857142857,2.42857142857143,3.28571428571429,5.71428571428571,0.714285714285714,0.714285714285714,0.428571428571429,9.71428571428571,2,68.5817805383023,0.666666666666667,1.21448212648946
87,ヤンジェミン,2.19565217391304,0.804347826086956,2.1304347826087,0.173913043478261,0.804347826086956,0.41304347826087,0.565217391304348,0.369565217391304,0.934782608695652,1.30434782608696,0.260869565217391,0.369565217391304,0,1.97826086956522,1.02727272727273,46.1440058479532,0.418367346938775,0.798797848782031
88,ライアン・ケリー,21.0612244897959,7.55102040816327,15.2040816326531,2.51020408163265,6.36734693877551,3.44897959183673,4.06122448979592,1.06122448979592,4.36734693877551,5.42857142857143,2.61224489795918,1.16326530612245,0.755102040816326,23.3061224489796,1.32118451025057,61.9775151340444,0.579194630872483,1.16012410629974
89,ライアン・ロシター,12.875,5.08928571428571,10.2321428571429,0.732142857142857,1.875,1.96428571428571,3.53571428571429,2.07142857142857,5.53571428571429,7.60714285714286,4.07142857142857,1.57142857142857,0.535714285714286,20.2678571428571,1.22768434670116,54.6112827970672,0.533158813263525,0.96374913115543
90,ラシードファラーズ,0,0,0.25,0,0,0,0,0,0.25,0.25,0,0,0.25,0.25,0,0,0,0
91,リチャード・ソロモン,14.3571428571429,5.54761904761905,9.54761904761905,0.476190476190476,1.76190476190476,2.78571428571429,4.23809523809524,2.38095238095238,6.30952380952381,8.69047619047619,1.11904761904762,1.5,0.476190476190476,19.4285714285714,1.58150851581509,62.901610615038,0.605985037406484,1.11188965924178
92,リチャード・ヘンドリックス,12.2,5.3,10.3,0.1,0.7,1.5,2.3,2.3,6.6,8.9,3.5,2.4,1.1,17.2,1.1294964028777,53.9250353606789,0.519417475728155,0.889731621936989
93,リード・トラビス,16.4651162790698,6.3953488372093,12.9767441860465,0.697674418604651,2.65116279069767,2.97674418604651,4.06976744186047,3.09302325581395,4.32558139534884,7.41860465116279,1.2093023255814,1.25581395348837,0.348837209302326,17.7674418604651,1.43126177024482,55.748031496063,0.519713261648746,1.02757619738752
94,ルーク・エヴァンス,10.5,4.25,9,0.25,1.25,1.75,3.25,1.75,6.25,8,1.75,1,0.5,14.25,1.225,50.3355704697987,0.486111111111111,0.918635170603675
95,レイヴォンテ・ライス,19.9803921568627,6.13725490196079,13.5882352941176,1.41176470588235,4.15686274509804,6.29411764705882,7.50980392156863,1.29411764705882,3.86274509803922,5.15686274509804,2.72549019607843,1.45098039215686,0.294117647058824,23.2156862745098,1.37857142857143,59.1396601355743,0.503607503607504,1.0892337951086
96,レオ・ライオンズ,15.7551020408163,5.6734693877551,10.9591836734694,1.42857142857143,3.51020408163265,2.97959183673469,3.61224489795918,0.877551020408163,6.14285714285714,7.02040816326531,3.61224489795918,2.06122448979592,0.183673469387755,20.0816326530612,1.22927461139896,62.7764767109029,0.582867783985102,1.07839302676426
97,レジナルド・ベクトン,11.0754716981132,4.73584905660377,8.05660377358491,0.018867924528302,0.075471698113208,1.58490566037736,3.37735849056604,3.15094339622641,5.30188679245283,8.45283018867925,1.60377358490566,1.88679245283019,0.830188679245283,15.1320754716981,1.51011235955056,58.0314773805758,0.588992974238876,0.969030639197042
98,ロスコ・アレン,17.0740740740741,5.90740740740741,12.3518518518519,0.962962962962963,3.18518518518519,4.2962962962963,5.57407407407407,1.88888888888889,5.5,7.38888888888889,2.44444444444444,1.87037037037037,0.259259259259259,21.3888888888889,1.32080200501253,57.6653657560292,0.517241379310345,1.02394384967349
99,ロバート・カーター,17.4222222222222,6.57777777777778,14.4666666666667,1.82222222222222,5.71111111111111,2.44444444444444,3.46666666666667,1.26666666666667,6.51111111111111,7.77777777777778,3.22222222222222,1.86666666666667,0.911111111111111,20.5333333333333,1.12879708383961,54.4716802845867,0.517665130568356,0.975561196555672
100,三ツ井利也,2.9375,0.979166666666667,2.58333333333333,0.5625,2.02083333333333,0.416666666666667,0.5,0.520833333333333,2.1875,2.70833333333333,0.645833333333333,0.354166666666667,0.104166666666667,3.1875,1.17006802721088,52.3929845422117,0.487903225806452,0.930324623911322
101,上澤俊喜,0.727272727272727,0.181818181818182,0.818181818181818,0,0.272727272727273,0.363636363636364,0.363636363636364,0,0.090909090909091,0.090909090909091,0.272727272727273,0.363636363636364,0.090909090909091,-0.181818181818182,0.6875,37.1747211895911,0.222222222222222,0.542005420054201
102,下山貴裕,0.6,0.3,1.5,0,0,0,0,0.2,0.2,0.4,0.2,0.4,0.1,-2,0.421052631578947,20,0.2,0.31578947368421
103,並里成,8.26,3.46,8.14,0.52,1.64,0.82,1.18,0.26,1.12,1.38,3.94,1.44,0.04,7.82,0.920060331825037,47.6949371766445,0.457002457002457,0.817886565272497
104,中務敏宏,0.568627450980392,0.196078431372549,0.450980392156863,0.156862745098039,0.372549019607843,0.019607843137255,0.058823529411765,0.019607843137255,0.117647058823529,0.137254901960784,0.058823529411765,0.019607843137255,0,0.411764705882353,1.23076923076923,59.6217105263158,0.608695652173913,1.14533965244866
105,中山拓哉,6.75,2.5,6.17857142857143,0.392857142857143,1.53571428571429,1.35714285714286,1.875,1.14285714285714,2.35714285714286,3.5,3.16071428571429,1.39285714285714,0,9.10714285714286,1.03351955307263,48.1896991330954,0.436416184971098,0.803913228413441
106,中村拓人,0.384615384615385,0.153846153846154,0.769230769230769,0,0.153846153846154,0.076923076923077,0.153846153846154,0.076923076923077,0,0.076923076923077,0.384615384615385,0.307692307692308,0,-0.230769230769231,0.555555555555555,22.9779411764706,0.2,0.336021505376344
107,中村浩陸,4.33333333333333,1.59259259259259,4.16666666666667,0.759259259259259,2.38888888888889,0.388888888888889,0.537037037037037,0.259259259259259,0.703703703703704,0.962962962962963,1.90740740740741,0.759259259259259,0.037037037037037,3.24074074074074,0.949295774647887,49.2092866756393,0.473333333333333,0.839431769263883
108,中東泰斗,4.8,1.85,4.55,0.425,1.775,0.675,1.05,0.775,1.9,2.675,1.85,0.825,0.275,5.825,1.03100775193798,47.8850758180367,0.453296703296703,0.822340243275655
109,中野司,8.08474576271187,2.66101694915254,6.32203389830509,1.50847457627119,3.94915254237288,1.25423728813559,1.50847457627119,0.525423728813559,1.30508474576271,1.83050847457627,0.661016949152542,0.644067796610169,0.067796610169492,5.83050847457627,1.23150357995227,57.8658773291926,0.540214477211796,1.05962324506842
110,久保田義章,2.28070175438596,0.701754385964912,1.84210526315789,0.175438596491228,0.56140350877193,0.701754385964912,0.842105263157895,0.210526315789474,0.68421052631579,0.894736842105263,1.64912280701754,0.807017543859649,0,2.98245614035088,0.96137339055794,51.5382175705677,0.428571428571429,0.755287009063444
111,五十嵐圭,7.33333333333333,2.41666666666667,5.66666666666667,1.375,3.89583333333333,1.125,1.29166666666667,0.3125,1.77083333333333,2.08333333333333,3.9375,1.97916666666667,0.0625,8.3125,1,58.8078053996258,0.547794117647059,0.892766561834229
112,井上宗一郎,1.6,0.466666666666667,1.8,0.2,0.933333333333333,0.466666666666667,0.533333333333333,0.333333333333333,1.06666666666667,1.4,0.066666666666667,0.133333333333333,0,1.13333333333333,1,39.3184796854522,0.314814814814815,0.738007380073801
113,井上裕介,1.38,0.5,1.28,0.36,0.9,0.02,0.08,0.06,0.34,0.4,0.12,0.1,0.04,0.78,1.04166666666667,52.463503649635,0.53125,0.975127190503109
114,今川友哲,2.83636363636364,1.12727272727273,2.21818181818182,0.090909090909091,0.545454545454545,0.490909090909091,0.636363636363636,1.03636363636364,0.854545454545455,1.89090909090909,0.545454545454545,0.563636363636364,0.018181818181818,2.01818181818182,1.47619047619048,56.7685589519651,0.528688524590164,0.926365795724466
115,今村佳太,9.75,3.46428571428571,8.66071428571429,1.75,5.01785714285714,1.07142857142857,1.375,0.607142857142857,1.71428571428571,2.32142857142857,1.58928571428571,1.17857142857143,0.089285714285714,7,1.04785478547855,52.6133209990749,0.501030927835052,0.933524825605252
116,伊藤大司,0.728813559322034,0.271186440677966,1.30508474576271,0.084745762711864,0.627118644067797,0.101694915254237,0.169491525423729,0.203389830508475,0.338983050847458,0.542372881355932,0.508474576271186,0.23728813559322,0,0.305084745762712,0.669724770642202,26.4127764127764,0.24025974025974,0.450733752620545
117,伊藤達哉,4.875,2.08333333333333,5.25,0.1875,1.02083333333333,0.520833333333333,0.854166666666667,0.291666666666667,1.16666666666667,1.45833333333333,4.35416666666667,1.77083333333333,0.020833333333333,6.10416666666667,0.832706766917293,43.3269145311806,0.41468253968254,0.659080666967102
118,伊藤領,0,0,0.111111111111111,0,0,0,0.222222222222222,0,0,0,0.111111111111111,0.222222222222222,0,-0.333333333333333,0.25,0,0,0
119,伊藤駿,2.23214285714286,0.964285714285714,2.44642857142857,0.107142857142857,0.303571428571429,0.196428571428571,0.267857142857143,0.339285714285714,0.696428571428571,1.03571428571429,1.58928571428571,0.732142857142857,0.017857142857143,2.67857142857143,0.862903225806451,43.5236768802228,0.416058394160584,0.677139761646804
120,佐土原遼,3.5625,1.375,3.5625,0.1875,1.1875,0.625,0.9375,0.3125,0.8125,1.125,0.8125,0.5625,0,2.6875,0.945945945945946,44.811320754717,0.412280701754386,0.785123966942149
121,佐藤公威,3.61111111111111,1.25925925925926,3.72222222222222,0.796296296296296,2.35185185185185,0.296296296296296,0.296296296296296,0.148148148148148,1.07407407407407,1.22222222222222,0.962962962962963,0.62962962962963,0.018518518518519,2.11111111111111,0.885304659498208,46.8659873101327,0.445273631840796,0.805651958353991
122,佐藤卓磨,4.35185185185185,1.55555555555556,3.24074074074074,0.611111111111111,1.66666666666667,0.62962962962963,0.777777777777778,0.777777777777778,0.925925925925926,1.7037037037037,0.944444444444444,0.537037037037037,0.203703703703704,3.85185185185185,1.34272300469484,60.7297911928882,0.574285714285714,1.05627472132327
123,佐藤託矢,0.380952380952381,0.095238095238095,0.214285714285714,0.023809523809524,0.071428571428572,0.166666666666667,0.285714285714286,0.047619047619048,0.190476190476191,0.238095238095238,0.047619047619048,0.095238095238095,0.023809523809524,0.095238095238095,1.38461538461538,56.0224089635854,0.5,0.87527352297593
124,保岡龍斗,6.17543859649123,2.07017543859649,6.2280701754386,0.771929824561403,3.21052631578947,1.26315789473684,1.71929824561404,0.43859649122807,1.19298245614035,1.63157894736842,1.6140350877193,1.29824561403509,0.105263157894737,3.75438596491228,0.89516129032258,44.207776549784,0.394366197183099,0.745573159366263
125,兪龍海,0.733333333333333,0.333333333333333,0.666666666666667,0,0.133333333333333,0.066666666666667,0.2,0,0.533333333333333,0.533333333333333,0.266666666666667,0.133333333333333,0.133333333333333,1.06666666666667,0.9375,48.5865724381626,0.5,0.825825825825826
126,八村阿蓮,1.54545454545455,0.727272727272727,2.18181818181818,0,0.636363636363636,0.090909090909091,0.454545454545455,0.636363636363636,0.636363636363636,1.27272727272727,0.181818181818182,0.272727272727273,0.090909090909091,0.090909090909091,0.863636363636364,32.442748091603,0.333333333333333,0.582191780821918
127,内海慎吾,0.75,0.25,0.583333333333333,0.166666666666667,0.458333333333333,0.083333333333333,0.125,0.041666666666667,0.125,0.166666666666667,0.125,0.083333333333333,0,0.291666666666667,1.16666666666667,58.7467362924282,0.571428571428571,1.03926096997691
128,内田旦人,3.35714285714286,1.25,3,0.785714285714286,1.96428571428571,0.071428571428572,0.071428571428572,0.214285714285714,0.571428571428571,0.785714285714286,0.428571428571429,0.464285714285714,0,1.35714285714286,1.02912621359223,55.3722902921772,0.547619047619048,0.960359624029424
129,前田怜緒,4.74137931034483,1.77586206896552,3.63793103448276,0.362068965517241,1.20689655172414,0.827586206896552,1.27586206896552,0.775862068965517,1.03448275862069,1.81034482758621,1,0.620689655172414,0.137931034482759,4.43103448275862,1.28076923076923,56.4542617835441,0.537914691943128,0.983688653598512
130,前田悟,9.43333333333333,3.15,7.28333333333333,1.83333333333333,4.63333333333333,1.3,1.78333333333333,0.55,2.08333333333333,2.63333333333333,0.966666666666667,0.7,0.2,8.03333333333333,1.23809523809524,58.4614113369691,0.558352402745995,1.07588199513382
131,加藤寿一,0.254545454545454,0.090909090909091,0.4,0.036363636363636,0.2,0.036363636363636,0.054545454545455,0.036363636363636,0.090909090909091,0.127272727272727,0.054545454545455,0.018181818181818,0,-0.109090909090909,0.708333333333333,30.0171526586621,0.272727272727273,0.575657894736842
132,北原秀明,2.46666666666667,1,3.93333333333333,0.333333333333333,1.73333333333333,0.133333333333333,0.266666666666667,0.133333333333333,0.6,0.733333333333333,0.466666666666667,0.333333333333333,0,-1.4,0.63768115942029,30.4476629361422,0.296610169491526,0.562652068126521
133,北川弘,5.25,1.81666666666667,5.83333333333333,0.916666666666667,3.28333333333333,0.7,0.95,0.183333333333333,1.33333333333333,1.51666666666667,3.91666666666667,1.73333333333333,0.1,3.98333333333333,0.811209439528024,41.991041911059,0.39,0.657510227936879
134,原修太,6.26315789473684,2.35087719298246,5.08771929824561,1.05263157894737,2.52631578947368,0.508771929824561,0.736842105263158,0.31578947368421,1.15789473684211,1.47368421052632,1.91228070175439,0.754385964912281,0.12280701754386,5.40350877192982,1.09905660377359,57.864367219917,0.56551724137931,1.01570501877774
135,古川孝敏,9.11864406779661,3.3728813559322,7.98305084745763,1,2.5593220338983,1.3728813559322,1.50847457627119,0.23728813559322,1.67796610169492,1.91525423728814,1.57627118644068,0.88135593220339,0.016949152542373,7.57627118644068,1.04817275747508,52.7285557472166,0.485138004246284,0.957022911626583
136,古野拓巳,3.75925925925926,1.2037037037037,3.31481481481481,0.703703703703704,2.01851851851852,0.648148148148148,0.740740740740741,0.537037037037037,0.796296296296296,1.33333333333333,4.01851851851852,1.57407407407407,0,4.88888888888889,0.929203539823008,51.6276703967447,0.46927374301676,0.720880681818182
137,合田怜,3,1.16666666666667,2.66666666666667,0.5,1.66666666666667,0.166666666666667,0.166666666666667,0.166666666666667,0.666666666666667,0.833333333333333,1.5,0.666666666666667,0,2.83333333333333,0.964285714285714,54.7445255474453,0.53125,0.880626223091977
138,吉井裕鷹,0,0,0,0,0,0,0,0,0,0,0,0,0,0,0,0,0,0
139,喜多川修平,4.08333333333333,1.38333333333333,3.78333333333333,0.783333333333333,2.18333333333333,0.533333333333333,0.666666666666667,0.2,0.683333333333333,0.883333333333333,0.366666666666667,0.116666666666667,0.033333333333333,2.16666666666667,1.09426229508197,50.0817661488144,0.469162995594714,0.973767885532591
140,土屋アリスター時生,0.341463414634146,0.146341463414634,0.341463414634146,0,0,0.048780487804878,0.073170731707317,0.073170731707317,0.048780487804878,0.121951219512195,0.073170731707317,0.024390243902439,0,0.219512195121951,1.13333333333333,45.6919060052219,0.428571428571429,0.857843137254902
141,坂本聖芽,3.27272727272727,1.18181818181818,2.72727272727273,0.181818181818182,0.545454545454545,0.727272727272727,0.818181818181818,0.181818181818182,0.454545454545455,0.636363636363636,0.090909090909091,0.636363636363636,0,1.81818181818182,1.02777777777778,53.0035335689046,0.466666666666667,0.87890625
142,城宝匡史,1.66666666666667,0.55,1.66666666666667,0.45,1.38333333333333,0.116666666666667,0.2,0.133333333333333,0.283333333333333,0.416666666666667,0.333333333333333,0.216666666666667,0,0.8,0.96,47.4924012158055,0.465,0.84545147108556
143,増子匠,1.37037037037037,0.481481481481482,1.59259259259259,0.296296296296296,0.888888888888889,0.111111111111111,0.185185185185185,0,0.481481481481482,0.481481481481482,0.259259259259259,0.481481481481482,0,0.851851851851852,0.698412698412699,40.929203539823,0.395348837209302,0.63573883161512
144,増田啓介,5.01694915254237,1.77966101694915,4.08474576271186,0.406779661016949,1.50847457627119,1.05084745762712,1.35593220338983,0.440677966101695,1.01694915254237,1.45762711864407,0.966101694915254,0.796610169491525,0.050847457627119,3.83050847457627,1.10658307210031,53.584359160029,0.485477178423237,0.915841584158416
145,多嶋朝飛,7.13559322033898,2.40677966101695,6.66101694915254,1.01694915254237,3.22033898305085,1.30508474576271,1.52542372881356,0.474576271186441,1.10169491525424,1.57627118644068,3.59322033898305,1.59322033898305,0.050847457627119,6.79661016949153,0.943368107302534,48.6592695330559,0.43765903307888,0.799468287124952
146,多田武史,2.91379310344828,1.06896551724138,3.08620689655172,0.724137931034483,2.17241379310345,0.051724137931035,0.051724137931035,0.172413793103448,0.310344827586207,0.482758620689655,0.241379310344828,0.206896551724138,0.017241379310345,1.27586206896552,0.938461538461538,46.8611357586513,0.463687150837989,0.878743760399334
147,大倉颯太,4.75,1.5,3.25,0.75,1.5,1,1.25,0.5,0,0.5,2.75,1,0,5.25,1.15384615384615,62.5,0.576923076923077,0.989583333333333
148,大塚裕土,3.47457627118644,1.15254237288136,3.32203389830508,0.915254237288135,2.67796610169492,0.254237288135593,0.440677966101695,0.152542372881356,0.406779661016949,0.559322033898305,0.694915254237288,0.338983050847458,0,1.6271186440678,0.991935483870967,49.4118781334362,0.484693877551021,0.90133661625044
149,大宮宏正,0.777777777777778,0.333333333333333,0.666666666666667,0.111111111111111,0.333333333333333,0,0,0,0,0,0,0.111111111111111,0,0.222222222222222,1,58.3333333333333,0.583333333333333,1
150,大崎裕太,5.64285714285714,2.16666666666667,6.07142857142857,0.904761904761905,3.35714285714286,0.404761904761905,0.619047619047619,0.404761904761905,2.11904761904762,2.52380952380952,3.04761904761905,1.61904761904762,0.023809523809524,5.19047619047619,0.841013824884793,44.4753040084071,0.431372549019608,0.7086472909939
151,大庭岳輝,0.454545454545455,0.163636363636364,0.472727272727273,0.127272727272727,0.418181818181818,0,0,0.036363636363636,0.036363636363636,0.072727272727273,0.054545454545455,0.036363636363636,0,0.218181818181818,0.96551724137931,48.0769230769231,0.480769230769231,0.892857142857143
152,大浦颯太,7.10169491525424,2.50847457627119,6.59322033898305,1.11864406779661,3.30508474576271,0.966101694915254,1.23728813559322,0.491525423728814,1.01694915254237,1.50847457627119,2.83050847457627,1.27118644067797,0.050847457627119,6.28813559322034,0.973421926910299,49.7482902735562,0.465295629820051,0.844553736999113
153,大矢孝太朗,0.86,0.28,0.58,0.02,0.08,0.28,0.42,0.12,0.34,0.46,0.08,0.08,0.16,0.76,1.51612903225806,56.2238493723849,0.5,1.01799242424242
154,太田敦也,4.40677966101695,1.77966101694915,4,0.016949152542373,0.033898305084746,0.830508474576271,1.13559322033898,0.864406779661017,1.94915254237288,2.8135593220339,0.847457627118644,0.542372881355932,0.220338983050847,3.79661016949153,1.16104868913858,48.9679071869821,0.447033898305085,0.874008336694904
155,宇都直輝,10.4,3.91666666666667,7.53333333333333,0.083333333333333,0.333333333333333,2.48333333333333,3.08333333333333,0.716666666666667,1.61666666666667,2.33333333333333,3.81666666666667,2,0.116666666666667,12.35,1.12532981530343,58.4926884139483,0.525442477876106,0.955004591368228
156,安藤周人,8.92156862745098,3.15686274509804,7.3921568627451,1.52941176470588,4.25490196078431,1.07843137254902,1.31372549019608,0.313725490196078,1.98039215686275,2.29411764705882,1.98039215686275,1.2156862745098,0.215686274509804,8.01960784313726,1.06106870229008,55.9683133241488,0.530503978779841,0.971226092896175
157,安藤誓哉,10.3214285714286,3.73214285714286,8.64285714285714,1.41071428571429,3.58928571428571,1.44642857142857,1.78571428571429,0.375,1.375,1.75,3.92857142857143,1.44642857142857,0.017857142857143,10,1.04450261780105,54.7348484848485,0.513429752066116,0.949096880131363
158,富樫勇樹,13.8070175438597,4.75438596491228,11.5614035087719,2.43859649122807,6.3859649122807,1.85964912280702,2.24561403508772,0.280701754385965,1.26315789473684,1.54385964912281,5.6140350877193,2,0.087719298245614,13.1578947368421,1.02785515320334,55.0103450204105,0.516691957511381,0.948970240679111
159,寺園脩斗,6.59322033898305,2.47457627118644,6.20338983050848,0.76271186440678,2.28813559322034,0.88135593220339,1.06779661016949,0.389830508474576,1.23728813559322,1.6271186440678,2.49152542372881,0.983050847457627,0,4.6271186440678,0.978102189781022,49.4005892512445,0.460382513661202,0.861152926591694
160,寺嶋良,8.12727272727273,3.18181818181818,7.12727272727273,0.454545454545455,1.45454545454545,1.30909090909091,1.61818181818182,0.436363636363636,1.87272727272727,2.30909090909091,3.16363636363636,1.30909090909091,0.054545454545455,7.98181818181818,1.0114006514658,51.8369050932369,0.478316326530612,0.88838540424517
161,小原翼,0.636363636363636,0.272727272727273,0.581818181818182,0.072727272727273,0.145454545454545,0.018181818181818,0.018181818181818,0.2,0.236363636363636,0.436363636363636,0.054545454545455,0.236363636363636,0.018181818181818,0.109090909090909,1.02702702702703,53.9457459926017,0.53125,0.77024647887324
162,小島元基,4.32142857142857,1.5,3.25,0.857142857142857,1.85714285714286,0.464285714285714,0.678571428571429,0.339285714285714,0.607142857142857,0.946428571428571,2.73214285714286,0.857142857142857,0.017857142857143,5.17857142857143,1.08516483516484,60.889694041868,0.593406593406593,0.980869001297017
163,小林遥太,2.03571428571429,0.714285714285714,1.53571428571429,0.232142857142857,0.517857142857143,0.375,0.642857142857143,0.5,0.607142857142857,1.10714285714286,1.26785714285714,0.428571428571429,0.035714285714286,2.94642857142857,1.20915032679739,55.9701492537313,0.540697674418605,0.905912269548633
164,小酒部泰暉,6.52173913043478,2.15217391304348,4.8695652173913,0.91304347826087,2.21739130434783,1.30434782608696,1.56521739130435,0.456521739130435,1.02173913043478,1.47826086956522,1.76086956521739,1,0.021739130434783,6.04347826086957,1.15454545454545,58.6670838548185,0.535714285714286,0.994431185361973
165,小野寺祥太,1.16666666666667,0.388888888888889,0.944444444444444,0.194444444444444,0.555555555555556,0.194444444444444,0.333333333333333,0.277777777777778,0.25,0.527777777777778,0.25,0.305555555555556,0.027777777777778,0.444444444444444,1.15909090909091,53.4623217922607,0.514705882352941,0.835322195704057
166,小野龍猛,3.69230769230769,1.36538461538462,3.73076923076923,0.365384615384615,1.69230769230769,0.596153846153846,0.942307692307692,0.730769230769231,1.71153846153846,2.44230769230769,0.576923076923077,0.519230769230769,0.096153846153846,3.38461538461538,1.04225352112676,44.5351642234181,0.414948453608247,0.79155672823219
167,小阪彰久,0.7,0.3,0.833333333333333,0,0.116666666666667,0.1,0.3,0.283333333333333,0.566666666666667,0.85,0.25,0.4,0.15,-0.05,0.791666666666667,36.2569060773481,0.36,0.5126953125
168,山下泰弘,3.37931034482759,1.29310344827586,3.27586206896552,0.5,1.44827586206897,0.293103448275862,0.413793103448276,0.327586206896552,1.37931034482759,1.70689655172414,2.62068965517241,0.586206896551724,0.086206896551724,5.18965517241379,0.974789915966386,48.8631830873554,0.471052631578947,0.835607094133697
169,山内盛久,3.25925925925926,1.18518518518519,3.64814814814815,0.388888888888889,1.38888888888889,0.5,0.574074074074074,0.296296296296296,0.833333333333333,1.12962962962963,2.27777777777778,1.11111111111111,0.018518518518519,2.46296296296296,0.821428571428571,41.7774401823016,0.378172588832487,0.650310375406444
170,山口祐希,0.403508771929825,0.140350877192982,0.350877192982456,0.035087719298246,0.087719298245614,0.087719298245614,0.105263157894737,0.087719298245614,0.175438596491228,0.263157894736842,0.192982456140351,0.157894736842105,0,0.43859649122807,0.971428571428572,50.7950530035336,0.45,0.72692793931732
171,山口颯斗,8.59259259259259,3.07407407407407,7.40740740740741,0.814814814814815,2.66666666666667,1.62962962962963,2.11111111111111,0.555555555555556,2.96296296296296,3.51851851851852,0.851851851851852,1.07407407407407,0.148148148148148,7.22222222222222,1.07594936708861,51.5372312066821,0.47,0.913098236775819
172,山本エドワード,5.11538461538462,1.69230769230769,5.11538461538462,1.38461538461538,4.09615384615385,0.346153846153846,0.403846153846154,0.307692307692308,1.05769230769231,1.36538461538462,1.63461538461538,0.769230769230769,0,3.5,0.936,48.3214649033571,0.466165413533835,0.8438015480269
173,山本柊輔,0.714285714285714,0.232142857142857,0.892857142857143,0.017857142857143,0.285714285714286,0.232142857142857,0.339285714285714,0.125,0.196428571428571,0.321428571428571,0.410714285714286,0.392857142857143,0,0.196428571428571,0.715909090909091,34.2700479780672,0.27,0.497760079641613
174,山本浩太,1.14285714285714,0.571428571428571,1.85714285714286,0,0.285714285714286,0,0,0.571428571428571,1.57142857142857,2.14285714285714,0.142857142857143,0.428571428571429,0.142857142857143,1.14285714285714,0.692307692307692,30.7692307692308,0.307692307692308,0.5
175,岡本飛竜,2.67924528301887,0.943396226415094,2.64150943396226,0.377358490566038,1.05660377358491,0.415094339622642,0.433962264150943,0.207547169811321,0.886792452830189,1.09433962264151,1.69811320754717,0.943396226415094,0,2.73584905660377,0.862453531598513,47.2954969357847,0.428571428571429,0.709574255446732
176,岡田侑大,9.51724137931035,3.43103448275862,7.63793103448276,1.39655172413793,3.18965517241379,1.25862068965517,1.6551724137931,0.379310344827586,1.46551724137931,1.8448275862069,2,1.20689655172414,0.068965517241379,7.37931034482759,1.1004942339374,56.8790701508532,0.540632054176072,0.994164685541388
177,岡田慎吾,2.64444444444444,1.08888888888889,3.13333333333333,0.333333333333333,1.73333333333333,0.133333333333333,0.155555555555556,0.755555555555556,1.91111111111111,2.66666666666667,1.42222222222222,0.288888888888889,0.022222222222222,4.02222222222222,0.994565217391304,41.2965019433648,0.400709219858156,0.757575757575758
178,岸本隆一,8.625,2.91071428571429,7.03571428571429,1.94642857142857,5.03571428571429,0.857142857142857,1.05357142857143,0.267857142857143,1.48214285714286,1.75,2.53571428571429,0.964285714285714,0.017857142857143,7.28571428571429,1.08695652173913,57.5054767120678,0.552030456852792,1.01907333952232
179,川嶋勇人,9.48214285714286,3.42857142857143,8.375,1.28571428571429,3.76785714285714,1.33928571428571,1.96428571428571,0.303571428571429,1.41071428571429,1.71428571428571,3.85714285714286,1.5,0.125,10.0178571428571,0.993351063829787,51.3142636258214,0.486140724946695,0.882939807116728
180,川村卓也,6.9811320754717,2.49056603773585,5.26415094339623,1.35849056603774,3,0.641509433962264,0.792452830188679,0.320754716981132,1.90566037735849,2.22641509433962,2.41509433962264,0.660377358490566,0.075471698113208,8.26415094339623,1.17176470588235,62.1890547263682,0.602150537634409,1.11284889316651
181,常田耕平,0,0,0.375,0,0.125,0,0,0.125,0.125,0.25,0,0,0,-0.25,0,0,0,0
182,平岩玄,0.052631578947369,0.026315789473684,0.078947368421053,0,0,0,0.052631578947369,0,0.026315789473684,0.026315789473684,0.052631578947369,0,0,-0.105263157894737,0.8,25.7731958762887,0.333333333333333,0.515463917525773
183,広瀬健太,4.10169491525424,1.27118644067797,4.08474576271186,0.423728813559322,1.61016949152542,1.13559322033898,1.61016949152542,0.864406779661017,1.40677966101695,2.27118644067797,1.61016949152542,1.10169491525424,0.220338983050847,3.32203389830508,0.962857142857143,42.7864214992928,0.363070539419087,0.695802185163887
184,張本天傑,5,1.68627450980392,3.49019607843137,0.96078431372549,2.15686274509804,0.666666666666667,0.784313725490196,0.392156862745098,1.25490196078431,1.64705882352941,0.823529411764706,0.607843137254902,0.176470588235294,4.52941176470588,1.28571428571429,65.1840490797546,0.620786516853933,1.12533097969991
185,後藤翔平,2.16363636363636,0.8,1.67272727272727,0.254545454545454,0.672727272727273,0.309090909090909,0.454545454545455,0.363636363636364,0.709090909090909,1.07272727272727,0.727272727272727,0.309090909090909,0,2.92727272727273,1.23255813953488,57.7669902912622,0.554347826086957,0.991666666666667
186,星川堅信,0.333333333333333,0.166666666666667,0.333333333333333,0,0,0,0,0,0,0,0.166666666666667,0,0,0.333333333333333,1,50,0.5,1
187,星野曹樹,0.828571428571429,0.314285714285714,0.714285714285714,0.085714285714286,0.371428571428571,0.114285714285714,0.171428571428571,0.085714285714286,0.314285714285714,0.4,0.142857142857143,0.028571428571429,0,0.8,1.21428571428571,52.4602026049204,0.5,1.01256983240223
188,晴山ケビン,8.30357142857143,2.64285714285714,6.42857142857143,1.96428571428571,5.03571428571429,1.05357142857143,1.21428571428571,0.892857142857143,2.01785714285714,2.91071428571429,0.75,0.589285714285714,0.053571428571429,7.375,1.31688311688312,59.6276159212146,0.563888888888889,1.09949872316277
189,會田圭佑,0.882352941176471,0.323529411764706,0.882352941176471,0.147058823529412,0.411764705882353,0.088235294117647,0.117647058823529,0.088235294117647,0.441176470588235,0.529411764705882,0.823529411764706,0.294117647058824,0,1.35294117647059,0.892307692307692,47.2292191435768,0.45,0.718390804597701
190,朝山正悟,8.70909090909091,3.07272727272727,7.01818181818182,1.47272727272727,3.65454545454545,1.09090909090909,1.25454545454545,0.290909090909091,1.87272727272727,2.16363636363636,2.16363636363636,1.21818181818182,0.054545454545455,7.78181818181818,1.07553956834532,57.5223364396196,0.542746113989637,0.990979808010592
191,木下誠,2.18367346938775,0.857142857142857,2.08163265306122,0.285714285714286,0.897959183673469,0.183673469387755,0.285714285714286,0.102040816326531,0.306122448979592,0.408163265306122,0.469387755102041,0.530612244897959,0.040816326530612,0.918367346938775,0.89041095890411,49.4637573964497,0.480392156862745,0.797555158020274
192,杉浦佑成,5.96666666666667,2.2,6.21666666666667,1.03333333333333,3.41666666666667,0.533333333333333,0.716666666666667,0.333333333333333,1.7,2.03333333333333,1.18333333333333,0.916666666666667,0.066666666666667,4.38333333333333,0.895615866388309,45.6725862420902,0.436997319034853,0.801038217130583
193,村上駿斗,5.13559322033898,2.01694915254237,4.76271186440678,0.406779661016949,1.50847457627119,0.694915254237288,1,0.627118644067797,1.01694915254237,1.64406779661017,1.3728813559322,0.508474576271186,0.016949152542373,4.45762711864407,1.08169014084507,49.3549648162627,0.466192170818505,0.899216524216524
194,松井啓十郎,8.15384615384615,2.82692307692308,6.53846153846154,1.53846153846154,3.73076923076923,0.961538461538462,1.11538461538462,0.346153846153846,1.59615384615385,1.94230769230769,1.09615384615385,0.711538461538462,0.019230769230769,6.71153846153846,1.15625,57.9995622674546,0.55,1.05336380800954
195,松脇圭志,5.21666666666667,1.93333333333333,4.41666666666667,0.916666666666667,2.76666666666667,0.433333333333333,0.633333333333333,0.25,1.18333333333333,1.43333333333333,1.51666666666667,0.766666666666667,0.1,4.9,1.04392764857881,55.5516115291779,0.541509433962264,0.955083607958013
196,林翔太郎,5.25925925925926,1.90740740740741,4.88888888888889,0.814814814814815,2.61111111111111,0.62962962962963,0.907407407407407,0.388888888888889,1.7037037037037,2.09259259259259,1.38888888888889,1.01851851851852,0.203703703703704,4.27777777777778,0.962466487935657,49.7268525003502,0.473484848484848,0.833920601362462
197,柏倉哲平,4.38888888888889,1.57407407407407,4.22222222222222,0.759259259259259,2.31481481481481,0.481481481481482,0.685185185185185,0.185185185185185,1.2037037037037,1.38888888888889,2.53703703703704,1.2037037037037,0.018518518518519,3.72222222222222,0.890476190476191,48.5099066644834,0.462719298245614,0.766295913088464
198,柏木真介,3.07272727272727,1.01818181818182,2.47272727272727,0.581818181818182,1.58181818181818,0.454545454545455,0.636363636363636,0.163636363636364,1.09090909090909,1.25454545454545,2.18181818181818,0.8,0.090909090909091,4.38181818181818,0.993127147766323,55.8124174372523,0.529411764705882,0.86489252814739
199,柳川幹也,0.733333333333333,0.266666666666667,0.8,0.2,0.666666666666667,0,0,0.066666666666667,0.333333333333333,0.4,1.13333333333333,0.466666666666667,0,1.33333333333333,0.8,45.8333333333333,0.458333333333333,0.578947368421053
200,栗原ルイス,5.65909090909091,1.90909090909091,5.54545454545455,1.18181818181818,3.68181818181818,0.659090909090909,1,0.5,1.88636363636364,2.38636363636364,1.81818181818182,1.36363636363636,0.045454545454546,4.77272727272727,0.908839779005525,47.2736938031592,0.450819672131147,0.770039584364176
201,根來新之助,0.888888888888889,0.333333333333333,0.944444444444444,0.185185185185185,0.611111111111111,0.037037037037037,0.074074074074074,0.240740740740741,0.351851851851852,0.592592592592593,0.111111111111111,0.092592592592593,0.018518518518519,0.277777777777778,1.10204081632653,45.489006823351,0.450980392156863,0.831024930747922
202,桜井良太,1.08620689655172,0.431034482758621,1.27586206896552,0.086206896551724,0.396551724137931,0.137931034482759,0.189655172413793,0.431034482758621,0.948275862068966,1.37931034482759,0.586206896551724,0.448275862068966,0.086206896551724,1.08620689655172,0.889908256880734,39.9543378995434,0.371621621621622,0.600915681037772
203,森井健太,2.71186440677966,0.932203389830508,3.28813559322034,0.440677966101695,1.83050847457627,0.406779661016949,0.745762711864407,0.406779661016949,1.30508474576271,1.71186440677966,3.96610169491525,0.949152542372881,0.016949152542373,4.1864406779661,0.856521739130435,37.4953130858643,0.350515463917526,0.594000594000594
204,森山修斗,0.658536585365854,0.219512195121951,0.634146341463415,0.146341463414634,0.390243902439024,0.073170731707317,0.097560975609756,0.048780487804878,0.073170731707317,0.121951219512195,0.024390243902439,0.097560975609756,0.048780487804878,0.219512195121951,0.96551724137931,48.6311239193084,0.461538461538462,0.850125944584383
205,森川正明,9.45762711864407,3.54237288135593,7.69491525423729,1.57627118644068,3.86440677966102,0.796610169491525,1.08474576271186,0.322033898305085,1.64406779661017,1.96610169491525,2.03389830508475,1.15254237288136,0.11864406779661,8.08474576271187,1.08828250401284,57.8646092583375,0.562775330396476,1.01425039988367
206,橋本尚明,2.80952380952381,1.0952380952381,2.9047619047619,0.380952380952381,1.47619047619048,0.238095238095238,0.285714285714286,0.190476190476191,0.238095238095238,0.428571428571429,0.476190476190476,0.380952380952381,0,1.23809523809524,0.92,46.3544940289126,0.442622950819672,0.82356225572306
207,橋本拓哉,13.425,4.925,10,1.4,3.25,2.175,2.525,0.35,1.7,2.05,2.325,1.6,0.375,10.95,1.16022099447514,60.4131041310413,0.5625,1.05617181968374
208,橋本晃佑,4.84905660377359,1.67924528301887,4.07547169811321,0.924528301886792,2.32075471698113,0.566037735849057,0.811320754716981,0.471698113207547,1.60377358490566,2.07547169811321,0.735849056603773,0.415094339622642,0.188679245283019,4.24528301886793,1.17460317460317,54.6994721607356,0.525462962962963,1.00031138097462
209,橋本竜馬,4.01754385964912,1.42105263157895,3.49122807017544,0.280701754385965,1.19298245614035,0.894736842105263,1,0.403508771929825,1.29824561403509,1.70175438596491,3.14035087719298,0.912280701754386,0,5.33333333333333,1.002457002457,51.0978222063549,0.447236180904523,0.829469718922051
210,武井弘明,1.19047619047619,0.428571428571429,1,0.238095238095238,0.523809523809524,0.095238095238095,0.285714285714286,0.142857142857143,0.285714285714286,0.428571428571429,0.476190476190476,0.142857142857143,0,1.28571428571429,1.12903225806452,52.8764805414552,0.547619047619048,0.938438438438438
211,比江島慎,7.8,3.11111111111111,6.48888888888889,0.866666666666667,2.53333333333333,0.711111111111111,0.955555555555556,0.533333333333333,0.888888888888889,1.42222222222222,2.15555555555556,0.822222222222222,0.177777777777778,7.37777777777778,1.11442786069652,56.445387881127,0.546232876712329,1.00885260979536
212,水戸健史,4.63333333333333,1.9,3.7,0.416666666666667,1.1,0.416666666666667,0.616666666666667,0.5,0.883333333333333,1.38333333333333,1.26666666666667,0.35,0.116666666666667,4.66666666666667,1.22491349480969,58.3347322477757,0.56981981981982,1.07219993829065
213,水野幹太,0.730769230769231,0.269230769230769,0.846153846153846,0.038461538461539,0.307692307692308,0.153846153846154,0.153846153846154,0.038461538461539,0.192307692307692,0.230769230769231,0.307692307692308,0.423076923076923,0,0.153846153846154,0.675,39.983164983165,0.340909090909091,0.546605293440736
214,永吉佑也,3.01754385964912,0.929824561403509,2.43859649122807,0.403508771929825,1.19298245614035,0.754385964912281,0.947368421052632,0.614035087719298,1.98245614035088,2.59649122807018,0.807017543859649,0.350877192982456,0.157894736842105,3.75438596491228,1.28235294117647,52.8385352666503,0.464028776978417,0.941124972641716
215,池田雄一,2.07407407407407,0.666666666666667,1.94444444444444,0.62962962962963,1.7037037037037,0.111111111111111,0.111111111111111,0.074074074074074,0.685185185185185,0.759259259259259,0.296296296296296,0.240740740740741,0.018518518518519,1,0.984615384615385,52.0252694165738,0.504761904761905,0.928381962864721
216,河村勇輝,6,2.0625,7.4375,0.9375,4.5625,0.9375,1.3125,0.4375,1.875,2.3125,3.4375,1.625,0,5.5625,0.782383419689119,37.4298190892077,0.340336134453781,0.622406639004149
217,津屋一球,5.76315789473684,2.10526315789474,5.55263157894737,1.02631578947368,2.94736842105263,0.526315789473684,0.921052631578947,0.210526315789474,1.28947368421053,1.5,0.578947368421053,1.05263157894737,0.157894736842105,2.42105263157895,0.909433962264151,48.3657243816255,0.471563981042654,0.822072072072072
218,津山尚大,2.40740740740741,0.814814814814815,2.01851851851852,0.481481481481482,1.2037037037037,0.296296296296296,0.444444444444444,0.092592592592593,0.444444444444444,0.537037037037037,1.37037037037037,0.537037037037037,0,2.46296296296296,0.985507246376811,54.3660086985614,0.522935779816514,0.875067312870221
219,渡辺竜之佑,3.47169811320755,1.33962264150943,2.67924528301887,0.09433962264151,0.339622641509434,0.69811320754717,1.05660377358491,1.0377358490566,1.39622641509434,2.43396226415094,1.9811320754717,1.05660377358491,0.132075471698113,5,1.16532258064516,55.2088334133461,0.517605633802817,0.826446280991735
220,渡邉裕規,5.55172413793104,1.68965517241379,4.82758620689655,1.22413793103448,3.63793103448276,0.948275862068966,1.06896551724138,0.362068965517241,0.551724137931034,0.913793103448276,1.86206896551724,0.603448275862069,0.03448275862069,4.10344827586207,1.06965174129353,52.3952095808383,0.476785714285714,0.94075026294262
221,渡部琉,1.44444444444444,0.666666666666667,1.88888888888889,0.111111111111111,0.666666666666667,0,0,0.222222222222222,0.333333333333333,0.555555555555556,0.222222222222222,0.333333333333333,0,0.555555555555556,0.75,38.2352941176471,0.382352941176471,0.65
222,満原優樹,2.19642857142857,0.821428571428571,2.67857142857143,0.357142857142857,1.57142857142857,0.196428571428571,0.375,0.553571428571429,1.14285714285714,1.69642857142857,0.892857142857143,0.303571428571429,0.053571428571429,1.875,0.93010752688172,38.6209495101733,0.373333333333333,0.697911938266001
223,満田丈太郎,4.3,1.56,3.9,0.66,2.02,0.52,0.58,0.5,1.34,1.84,1.5,0.82,0.14,3.96,1.01398601398601,51.742395071236,0.484615384615385,0.864286862839685
224,熊谷尚也,3.5,1.34,3.16,0.3,1.1,0.52,0.76,0.38,0.66,1.04,0.78,0.6,0.1,2.18,1.02884615384615,50.0801282051282,0.471518987341772,0.854826103946854
225,熊谷航,2.75925925925926,0.981481481481482,2.37037037037037,0.296296296296296,0.87037037037037,0.5,0.62962962962963,0.203703703703704,0.62962962962963,0.833333333333333,1.18518518518519,0.351851851851852,0.018518518518519,2.92592592592593,1.065,52.1124790151091,0.4765625,0.91998024203507
226,牧全,1.32075471698113,0.490566037735849,1.39622641509434,0.283018867924528,0.811320754716981,0.056603773584906,0.09433962264151,0.169811320754717,0.490566037735849,0.660377358490566,0.39622641509434,0.283018867924528,0,0.886792452830189,0.900990099009901,45.9317585301837,0.452702702702703,0.767543859649123
227,牧隼利,3.41071428571429,1.33928571428571,3.66071428571429,0.339285714285714,1.58928571428571,0.392857142857143,0.678571428571429,0.392857142857143,0.785714285714286,1.17857142857143,1.23214285714286,0.642857142857143,0.196428571428571,1.60714285714286,0.902777777777778,43.0723434963016,0.41219512195122,0.74111438770759
228,狩俣昌也,8.01694915254237,2.83050847457627,7.42372881355932,1.6271186440678,4.88135593220339,0.728813559322034,0.88135593220339,0.644067796610169,1.42372881355932,2.06779661016949,3.03389830508475,1.23728813559322,0.016949152542373,7.69491525423729,1,51.3148758896025,0.490867579908676,0.885966883943958
229,狩野祐介,5.25,1.76785714285714,3.76785714285714,1.5,3.16071428571429,0.214285714285714,0.214285714285714,0.178571428571429,0.75,0.928571428571429,1.28571428571429,0.446428571428571,0,4.89285714285714,1.22818791946309,67.9674496023673,0.66824644549763,1.21850132625995
230,玉木祥護,1.30508474576271,0.576271186440678,1.13559322033898,0.11864406779661,0.186440677966102,0.033898305084746,0.101694915254237,0.152542372881356,0.271186440677966,0.423728813559322,0.101694915254237,0.203389830508475,0.016949152542373,0.169491525423729,1.0921052631579,55.2843193566916,0.559701492537313,0.943165115139637
231,王偉嘉,1.5,0.7,1.35,0,0,0.1,0.3,0.8,0.5,1.3,0.2,0.5,0.05,1.15,1.36,50.6072874493927,0.518518518518518,0.756811301715439
232,生原秀将,4.24324324324324,1.45945945945946,4.67567567567568,0.702702702702703,2.72972972972973,0.621621621621622,0.783783783783784,0.297297297297297,1.43243243243243,1.72972972972973,2.59459459459459,0.702702702702703,0.027027027027027,3.75675675675676,0.890845070422535,42.2588285960379,0.38728323699422,0.741405364563657
233,田中大貴,9.42553191489362,3.72340425531915,8.31914893617021,0.872340425531915,2.8936170212766,1.1063829787234,1.46808510638298,0.170212765957447,1.40425531914894,1.57446808510638,4.31914893617021,1.04255319148936,0.106382978723404,10.7446808510638,1.01732283464567,52.5678754509208,0.5,0.941831788417382
234,田中成也,4.81818181818182,1.65454545454545,5.36363636363636,0.981818181818182,3.47272727272727,0.527272727272727,0.8,0.2,1.10909090909091,1.30909090909091,1.16363636363636,0.981818181818182,0.109090909090909,2.09090909090909,0.818407960199005,42.1491283878356,0.4,0.719404929959822
235,田代直希,7.78181818181818,2.96363636363636,6.30909090909091,1.27272727272727,3.12727272727273,0.581818181818182,0.8,0.6,1.32727272727273,1.92727272727273,1.89090909090909,1.36363636363636,0.054545454545455,6.09090909090909,1.07910750507099,58.4124904465553,0.570605187319885,0.969729925684248
236,田口成浩,2.19642857142857,0.714285714285714,2.35714285714286,0.482142857142857,1.82142857142857,0.285714285714286,0.375,0.178571428571429,0.410714285714286,0.589285714285714,0.642857142857143,0.357142857142857,0.053571428571429,0.571428571428571,0.893258426966292,43.5429056924384,0.40530303030303,0.762838005457703
237,田渡修人,3.86440677966102,1.40677966101695,3.44067796610169,0.864406779661017,2.28813559322034,0.186440677966102,0.254237288135593,0.389830508474576,0.796610169491525,1.1864406779661,1.23728813559322,0.508474576271186,0,3.20338983050847,1.06360424028269,54.3893129770992,0.53448275862069,0.951585976627713
238,田渡凌,2.50909090909091,1.10909090909091,2.74545454545455,0.072727272727273,0.4,0.218181818181818,0.309090909090909,0.290909090909091,0.909090909090909,1.2,2.85454545454545,1.01818181818182,0,3.61818181818182,0.847701149425287,43.5386168601716,0.417218543046358,0.643416635583737
239,田臥勇太,0.274509803921569,0.137254901960784,0.313725490196078,0,0.03921568627451,0,0,0.019607843137255,0.058823529411765,0.07843137254902,0.176470588235294,0.07843137254902,0,0.117647058823529,0.821428571428572,43.75,0.4375,0.7
240,白濱僚祐,3.17241379310345,1.27586206896552,2.79310344827586,0.344827586206897,1.03448275862069,0.275862068965517,0.413793103448276,0.482758620689655,1.08620689655172,1.56896551724138,1.10344827586207,0.517241379310345,0.017241379310345,2.82758620689655,1.08771929824561,53.3147890588781,0.518518518518519,0.908372827804107
241,盛實海翔,3.86792452830189,1.15094339622642,4.13207547169811,0.660377358490566,2.47169811320755,0.905660377358491,1.18867924528302,0.320754716981132,0.415094339622642,0.735849056603773,1.15094339622642,0.867924528301887,0.018867924528302,1.67924528301887,0.86084142394822,41.5450713359274,0.358447488584475,0.700327958458595
242,石井峻平,0,0,0,0,0,0,0,0,0,0,0,0,0,0,0,0,0,0
243,石井講祐,6.57627118644068,2.23728813559322,5.96610169491525,1.27118644067797,3.77966101694915,0.830508474576271,0.966101694915254,0.322033898305085,1.15254237288136,1.47457627118644,1.66101694915254,0.813559322033898,0.067796610169492,5.03389830508475,1.01461377870564,51.4479686008274,0.481534090909091,0.912769361061447
244,石崎巧,1.48214285714286,0.553571428571429,1.44642857142857,0.303571428571429,0.785714285714286,0.071428571428572,0.107142857142857,0.071428571428572,0.178571428571429,0.25,0.464285714285714,0.375,0.089285714285714,0.482142857142857,0.879032258064516,49.6174079387853,0.487654320987654,0.793195718654434
245,石谷聡,1.18518518518519,0.5,1.12962962962963,0.092592592592593,0.37037037037037,0.092592592592593,0.111111111111111,0.222222222222222,0.388888888888889,0.611111111111111,1.07407407407407,0.425925925925926,0,1.53703703703704,0.938461538461539,50.2828409805154,0.483606557377049,0.738688827331487
246,神里和,0.55,0.183333333333333,0.783333333333333,0.116666666666667,0.533333333333333,0.066666666666667,0.083333333333333,0.066666666666667,0.083333333333333,0.15,0.35,0.133333333333333,0,0.133333333333333,0.75,33.5365853658537,0.308510638297872,0.576923076923077
247,秋山皓太,3.15686274509804,1.05882352941176,3.11764705882353,0.784313725490196,2.41176470588235,0.254901960784314,0.294117647058824,0.137254901960784,0.568627450980392,0.705882352941176,0.470588235294118,0.372549019607843,0,0.901960784313726,0.948717948717949,48.6111111111111,0.465408805031447,0.872156013001083
248,竹内公輔,4.08333333333333,1.66666666666667,3.06666666666667,0.066666666666667,0.233333333333333,0.683333333333333,0.95,1.56666666666667,2.36666666666667,3.93333333333333,0.616666666666667,0.4,0.466666666666667,6.38333333333333,1.86754966887417,58.5900133920031,0.554347826086957,1.05114123905955
249,竹内譲次,2.94117647058824,0.941176470588235,2.62745098039216,0.431372549019608,1.50980392156863,0.627450980392157,0.784313725490196,0.686274509803922,2.52941176470588,3.2156862745098,0.666666666666667,0.529411764705882,0.392156862745098,4.62745098039216,1.15,49.4722955145119,0.440298507462687,0.83986562150056
250,竹田謙,1.07017543859649,0.350877192982456,0.982456140350877,0.140350877192982,0.456140350877193,0.228070175438596,0.245614035087719,0.070175438596491,0.456140350877193,0.526315789473684,0.43859649122807,0.192982456140351,0.017543859649123,1.01754385964912,0.977272727272727,49.0669240669241,0.428571428571429,0.833788955713505
251,笹山貴哉,5.78947368421053,2.10526315789474,5.92105263157895,1.02631578947368,3.26315789473684,0.552631578947368,0.789473684210526,0.368421052631579,1.07894736842105,1.44736842105263,2.92105263157895,1.15789473684211,0,5.02631578947368,0.904371584699454,46.1796809403862,0.442222222222222,0.779588944011339
252,笹山陸,0,0,1,0,1,0,0,0,0,0,0,0.5,0,-2.5,0,0,0,0
253,篠山竜青,5.86440677966102,2.23728813559322,4.93220338983051,0.559322033898305,1.66101694915254,0.830508474576271,1.1864406779661,0.457627118644068,0.864406779661017,1.32203389830508,4.69491525423729,1.28813559322034,0.050847457627119,7.45762711864407,1.0097244732577,53.7600994406464,0.510309278350515,0.869783810960282
254,米須玲音,0.666666666666667,0.333333333333333,0.416666666666667,0,0,0,0,0,0.083333333333333,0.083333333333333,0.583333333333333,0.083333333333333,0,1.08333333333333,1.15384615384615,80,0.8,1.33333333333333
255,納見悠仁,4.5,1.5,4.26923076923077,0.730769230769231,2.23076923076923,0.769230769230769,0.942307692307692,0.211538461538462,1.01923076923077,1.23076923076923,2,1.59615384615385,0.019230769230769,3.19230769230769,0.849246231155779,48.0374445721793,0.436936936936937,0.71656050955414
256,細川一輝,4.80701754385965,1.78947368421053,4.05263157894737,1.01754385964912,2.45614035087719,0.210526315789474,0.245614035087719,0.56140350877193,1.56140350877193,2.12280701754386,1.15789473684211,0.56140350877193,0.017543859649123,4.2280701754386,1.14478114478115,57.7669084162591,0.567099567099567,1.01798186951999
257,細谷将司,6.52542372881356,2.32203389830508,6.05084745762712,1.08474576271186,3.33898305084746,0.796610169491525,0.88135593220339,0.067796610169492,0.576271186440678,0.644067796610169,1.88135593220339,0.949152542372881,0,4.66101694915254,0.953846153846154,50.6738970201116,0.473389355742297,0.883270624942645
258,船生誠也,3.44444444444444,1.18518518518519,2.7962962962963,0.425925925925926,1.09259259259259,0.648148148148148,0.851851851851852,0.537037037037037,1.11111111111111,1.64814814814815,1.85185185185185,0.981481481481482,0.12962962962963,3.44444444444444,1.04,54.3097407147863,0.5,0.829468426685694
259,荒尾岳,0.072727272727273,0.036363636363636,0.054545454545455,0,0,0,0,0.072727272727273,0.454545454545455,0.527272727272727,0.272727272727273,0.127272727272727,0,0.163636363636364,0.904761904761905,66.6666666666667,0.666666666666667,0.4
260,荒谷裕秀,0.478260869565217,0.173913043478261,0.521739130434783,0.043478260869565,0.130434782608696,0.086956521739131,0.173913043478261,0,0.086956521739131,0.086956521739131,0.130434782608696,0.173913043478261,0.043478260869565,-0.086956521739131,0.736842105263158,39.9709302325581,0.375,0.619369369369369
261,菅澤紀行,1.2,0.4,1.4,0.2,1,0.2,0.466666666666667,0.2,0.6,0.8,0.6,0.066666666666667,0.066666666666667,0.933333333333333,0.964285714285714,37.375415282392,0.357142857142857,0.717703349282297
262,菊地祥平,2.26785714285714,0.946428571428571,2.28571428571429,0.196428571428571,0.642857142857143,0.178571428571429,0.285714285714286,0.303571428571429,1.53571428571429,1.83928571428571,1.23214285714286,0.5,0.017857142857143,2.10714285714286,0.942307692307692,47.0231042654028,0.45703125,0.778949950932286
263,菊池真人,0.882352941176471,0.313725490196078,0.862745098039216,0.098039215686275,0.431372549019608,0.156862745098039,0.235294117647059,0.215686274509804,0.274509803921569,0.490196078431373,0.176470588235294,0.098039215686275,0.058823529411765,0.254901960784314,1.14893617021277,45.6574675324675,0.420454545454545,0.82903463522476
264,葛原大智,4.8135593220339,1.66101694915254,4.50847457627119,0.694915254237288,2.1864406779661,0.796610169491525,1,0.338983050847458,2.05084745762712,2.38983050847458,1.16949152542373,0.830508474576271,0.033898305084746,4.20338983050848,0.96978021978022,48.6367995615838,0.445488721804511,0.832942280619427
265,藤井祐眞,10.4576271186441,3.10169491525424,7.1864406779661,1.23728813559322,3.49152542372881,3.01694915254237,3.57627118644068,0.694915254237288,1.1864406779661,1.88135593220339,4.10169491525424,1.49152542372881,0.050847457627119,13.3898305084746,1.20476858345021,59.6896525036762,0.517688679245283,1.02010449044375
266,藤本巧太,0.576923076923077,0.230769230769231,0.461538461538462,0.115384615384615,0.269230769230769,0,0,0.115384615384615,0.038461538461539,0.153846153846154,0.192307692307692,0,0,0.730769230769231,1.42857142857143,62.5,0.625,1.25
267,藤永佳昭,1.31578947368421,0.456140350877193,1.2280701754386,0.175438596491228,0.68421052631579,0.228070175438596,0.368421052631579,0.157894736842105,0.298245614035088,0.456140350877193,1.33333333333333,0.526315789473684,0.017543859649123,1.6140350877193,0.904191616766467,47.3245835436648,0.442857142857143,0.686561699011351
268,西山達哉,11.0588235294118,3.54901960784314,9.74509803921569,2.33333333333333,7.07843137254902,1.62745098039216,2.09803921568627,0.274509803921569,1.43137254901961,1.70588235294118,4.23529411764706,2.76470588235294,0.058823529411765,9.03921568627451,0.928571428571429,51.8306131451257,0.483903420523139,0.823261516903135
269,西川貴之,7.63636363636364,2.63636363636364,7.81818181818182,1.13636363636364,4.45454545454545,1.22727272727273,1.45454545454545,0.590909090909091,2.54545454545455,3.13636363636364,1.5,0.954545454545455,0.227272727272727,6.18181818181818,0.943661971830986,45.1418744625967,0.409883720930233,0.811280664477497
270,西村文男,2.85454545454545,1.03636363636364,2.32727272727273,0.563636363636364,1.41818181818182,0.218181818181818,0.327272727272727,0.090909090909091,0.4,0.490909090909091,1.6,0.472727272727273,0.036363636363636,3,1.0337552742616,57.7545615067687,0.56640625,0.969614624505929
271,西田優大,5.20689655172414,1.86206896551724,5.10344827586207,0.689655172413793,2.62068965517241,0.793103448275862,1.10344827586207,0.620689655172414,1.13793103448276,1.75862068965517,1.44827586206897,1.06896551724138,0.172413793103448,3.6551724137931,0.950738916256158,46.5819348469891,0.432432432432432,0.782059250051792
272,西野曜,1.61538461538462,0.615384615384615,1.42307692307692,0.076923076923077,0.346153846153846,0.307692307692308,0.346153846153846,0.269230769230769,0.307692307692308,0.576923076923077,0.153846153846154,0.346153846153846,0.038461538461539,0.653846153846154,1.06976744186047,51.26953125,0.459459459459459,0.840672538030424
273,角野亮伍,3.46153846153846,1.38461538461538,2.82692307692308,0.403846153846154,1.28846153846154,0.288461538461538,0.384615384615385,0.115384615384615,0.442307692307692,0.557692307692308,0.576923076923077,0.384615384615385,0.057692307692308,2.82692307692308,1.09947643979058,57.7663671373556,0.561224489795918,1.02389078498294
274,谷口光貴,3.13793103448276,1.06896551724138,3.24137931034483,0.758620689655172,2.20689655172414,0.241379310344828,0.241379310344828,0.448275862068966,0.448275862068966,0.896551724137931,0.379310344827586,0.379310344827586,0.068965517241379,1.24137931034483,0.990291262135922,46.8685620107128,0.446808510638298,0.841968911917098
275,谷口大智,1.38775510204082,0.448979591836735,1.22448979591837,0.244897959183673,0.653061224489796,0.244897959183673,0.26530612244898,0.102040816326531,0.428571428571429,0.530612244897959,0.204081632653061,0.224489795918367,0.040816326530612,0.673469387755102,1.02631578947368,51.7346317711503,0.466666666666667,0.886339937434828
276,赤穂雷太,2.05263157894737,0.771929824561403,1.85964912280702,0.175438596491228,0.824561403508772,0.333333333333333,0.56140350877193,0.298245614035088,0.43859649122807,0.736842105263158,0.228070175438596,0.140350877192982,0.070175438596491,1.31578947368421,1.18181818181818,48.7175216522319,0.462264150943396,0.913491567770144
277,辻直人,9.06779661016949,2.84745762711864,7.32203389830509,1.89830508474576,5.42372881355932,1.47457627118644,1.83050847457627,0.35593220338983,1.1864406779661,1.54237288135593,3.20338983050847,1.22033898305085,0.033898305084746,8.93220338983051,1.07738095238095,55.784951618285,0.518518518518518,0.970046417174354
278,遠藤善,1.41666666666667,0.583333333333333,0.916666666666667,0.25,0.5,0,0,0,0.333333333333333,0.333333333333333,0.083333333333333,0.166666666666667,0.166666666666667,1,1.28571428571429,77.2727272727273,0.772727272727273,1.30769230769231
279,遠藤祐亮,7.08771929824561,2.63157894736842,7.24561403508772,1.50877192982456,4.01754385964912,0.31578947368421,0.508771929824561,0.228070175438596,1.31578947368421,1.54385964912281,2.03508771929825,1.10526315789474,0.070175438596491,3.89473684210526,0.898100172711572,47.4445697106351,0.467312348668281,0.826581553318602
280,野口大介,3.32758620689655,1.29310344827586,3.06896551724138,0.637931034482759,1.93103448275862,0.103448275862069,0.189655172413793,0.46551724137931,0.689655172413793,1.1551724137931,0.775862068965517,0.224137931034483,0.03448275862069,2.58620689655172,1.13875598086124,52.7783854736382,0.525280898876405,0.985498366013072
281,野本大智,5.19354838709677,1.7741935483871,4.38709677419355,0.774193548387097,2.03225806451613,0.870967741935484,1.35483870967742,0.548387096774194,0.67741935483871,1.2258064516129,0.838709677419355,0.870967741935484,0.193548387096774,3.64516129032258,1.08720930232558,52.1103055411704,0.492647058823529,0.887150099184483
282,野本建吾,3.45762711864407,1.32203389830508,2.96610169491525,0.084745762711864,0.322033898305085,0.728813559322034,1.20338983050847,0.779661016949153,2,2.77966101694915,1.20338983050847,0.915254237288135,0.11864406779661,4.01694915254237,1.08267716535433,49.4569433669511,0.46,0.783891792191823
283,金丸晃輔,16.1636363636364,5.98181818181818,12.1454545454545,2.6,5.58181818181818,1.6,1.76363636363636,0.181818181818182,1.27272727272727,1.45454545454545,1.10909090909091,0.781818181818182,0.018181818181818,13.4363636363636,1.24671916010499,62.5457308493274,0.599550898203593,1.17954569578601
284,鈴木空,0.266666666666667,0.133333333333333,0.266666666666667,0,0,0,0,0,0.133333333333333,0.133333333333333,0.133333333333333,0,0,0.266666666666667,1,50,0.5,1
285,鈴木達也,7.74074074074074,3.01851851851852,6.66666666666667,0.814814814814815,2.2037037037037,0.888888888888889,1.16666666666667,0.388888888888889,1.12962962962963,1.51851851851852,5.09259259259259,1.90740740740741,0.055555555555556,8.92592592592593,0.96652719665272,53.9048798101723,0.513888888888889,0.851809585914574
286,長谷川技,1.32075471698113,0.509433962264151,1.60377358490566,0.188679245283019,1.15094339622642,0.113207547169811,0.150943396226415,0.207547169811321,0.679245283018868,0.886792452830189,0.566037735849057,0.264150943396226,0.018867924528302,0.452830188679245,0.847457627118644,39.5390872119295,0.376470588235294,0.682793601248537
287,長谷川暢,6.20338983050848,2.05084745762712,5.01694915254237,0.949152542372881,2.54237288135593,1.15254237288136,1.47457627118644,0.440677966101695,0.745762711864407,1.1864406779661,2.08474576271186,0.983050847457627,0.050847457627119,5.16949152542373,1.08425720620843,54.7445255474453,0.503378378378378,0.933007035790762
288,長野誠史,5.4,1.90909090909091,5.12727272727273,0.654545454545455,2.45454545454545,0.927272727272727,1.07272727272727,0.254545454545454,0.909090909090909,1.16363636363636,2.49090909090909,0.763636363636364,0.018181818181818,4.6,0.970917225950783,48.2205481231329,0.436170212765958,0.848668419247914
289,関野剛平,4.13333333333333,1.3,3.31666666666667,0.683333333333333,2.03333333333333,0.85,1.13333333333333,0.333333333333333,0.666666666666667,1,0.783333333333333,0.583333333333333,0.05,2.86666666666667,1.13026819923372,54.1673947230474,0.494974874371859,0.939678690512276
290,阿部友和,1.36585365853659,0.463414634146341,1,0.341463414634146,0.682926829268293,0.097560975609756,0.121951219512195,0.073170731707317,0.292682926829268,0.365853658536585,0.829268292682927,0.365853658536585,0,1.4390243902439,1.03448275862069,64.8148148148148,0.634146341463415,0.962199312714777
291,阿部諒,5.58333333333333,2.11666666666667,5.38333333333333,0.733333333333333,2.46666666666667,0.616666666666667,0.9,0.6,1.63333333333333,2.23333333333333,1.85,1.15,0.116666666666667,4.95,0.955032119914347,48.3043026877379,0.461300309597523,0.805753319222628
292,青木保憲,1.30612244897959,0.469387755102041,1.10204081632653,0.142857142857143,0.408163265306122,0.224489795918367,0.244897959183673,0.040816326530612,0.285714285714286,0.326530612244898,0.795918367346939,0.326530612244898,0,1.04081632653061,0.962616822429906,53.9811066126856,0.490740740740741,0.850159404888417
293,須田侑太郎,6.28571428571429,2.22448979591837,4.79591836734694,1.12244897959184,2.55102040816327,0.714285714285714,1.06122448979592,0.244897959183673,1.20408163265306,1.44897959183673,1.51020408163265,0.755102040816326,0.081632653061225,4.87755102040816,1.1437125748503,59.7176981541802,0.580851063829787,1.04449267498644
294,須藤昂矢,2.94444444444444,1.01851851851852,2.83333333333333,0.518518518518518,1.48148148148148,0.388888888888889,0.518518518518518,0.203703703703704,0.425925925925926,0.62962962962963,0.5,0.277777777777778,0.055555555555556,1.12962962962963,1.01086956521739,48.0885555286717,0.450980392156863,0.881765749778172
295,頓宮裕人,1.11864406779661,0.440677966101695,1.50847457627119,0.135593220338983,0.661016949152542,0.101694915254237,0.220338983050847,0.440677966101695,0.525423728813559,0.966101694915254,0.271186440677966,0.152542372881356,0.203389830508475,0.135593220338983,0.931818181818182,34.839527027027,0.337078651685393,0.63632857693791
296,飴谷由毅,1.55555555555556,0.555555555555556,1.16666666666667,0.166666666666667,0.444444444444444,0.277777777777778,0.777777777777778,0.333333333333333,0.444444444444444,0.777777777777778,0.166666666666667,0.111111111111111,0,1.11111111111111,1.55,51.5463917525773,0.547619047619048,0.960219478737997
297,駒水大雅ジャック,0.673913043478261,0.260869565217391,0.673913043478261,0.065217391304348,0.369565217391304,0.086956521739131,0.086956521739131,0.086956521739131,0.41304347826087,0.5,0.065217391304348,0.195652173913043,0,0.326086956521739,0.871794871794872,47.3137973137973,0.435483870967742,0.742337164750958
298,高原晟也,1.71428571428571,0.714285714285714,1.28571428571429,0.142857142857143,0.714285714285714,0.142857142857143,0.285714285714286,0.142857142857143,0.285714285714286,0.428571428571429,0.142857142857143,0.142857142857143,0,1.14285714285714,1.3,60.7287449392713,0.611111111111111,1.10294117647059
299,高島紳司,4.36363636363636,1.54545454545455,3.72727272727273,1,2.27272727272727,0.272727272727273,0.363636363636364,0.636363636363636,0.363636363636364,1,1.09090909090909,0,0.090909090909091,3.45454545454545,1.30434782608696,56.1272217025257,0.548780487804878,1.12254443405051
300,高橋耕陽,3.36363636363636,1.29090909090909,3.18181818181818,0.527272727272727,1.63636363636364,0.254545454545454,0.363636363636364,0.181818181818182,0.509090909090909,0.690909090909091,0.709090909090909,0.672727272727273,0.018181818181818,2,0.929460580912863,50.3264417845484,0.488571428571429,0.83786231884058
301,鵤誠司,5.24137931034483,2.08620689655172,5.18965517241379,0.655172413793103,2.3448275862069,0.413793103448276,0.568965517241379,0.293103448275862,1.18965517241379,1.48275862068966,2.63793103448276,0.96551724137931,0.189655172413793,4.93103448275862,0.926977687626775,48.1744421906694,0.465116279069768,0.818260120585702
302,齋藤拓実,12.4909090909091,4.54545454545455,9.07272727272727,0.981818181818182,2.78181818181818,2.41818181818182,2.83636363636364,0.527272727272727,1.56363636363636,2.09090909090909,5.6,2.2,0.072727272727273,15.6545454545455,1.10678531701891,60.5137058699176,0.555110220440882,0.997618494423792
